{"name":"Main","created":"2016-12-05T17:09:11.772Z","settings":{"physics":{"gravity":[0,-9.8,0]},"render":{"fog_end":1000,"tonemapping":3,"skybox":null,"fog_density":0.01,"gamma_correction":1,"exposure":0.9,"fog_start":1,"global_ambient":[0.2,0.2,0.2],"skyboxIntensity":1,"fog_color":[0,0,0],"lightmapMode":1,"fog":"none","lightmapMaxResolution":2048,"skyboxMip":0,"lightmapSizeMultiplier":16,"skyboxRotation":[0,0,0],"lightmapFilterEnabled":false,"lightmapFilterRange":10,"lightmapFilterSmoothness":0.2,"ambientBake":false,"ambientBakeNumSamples":1,"ambientBakeSpherePart":0.4,"ambientBakeOcclusionBrightness":0,"ambientBakeOcclusionContrast":0,"skyType":"infinite","skyMeshPosition":[0,0,0],"skyMeshRotation":[0,0,0],"skyMeshScale":[100,100,100],"skyCenter":[0,0.1,0],"clusteredLightingEnabled":true,"lightingCells":[10,3,10],"lightingMaxLightsPerCell":255,"lightingCookieAtlasResolution":2048,"lightingShadowAtlasResolution":2048,"lightingShadowType":0,"lightingCookiesEnabled":false,"lightingAreaLightsEnabled":false,"lightingShadowsEnabled":true}},"entities":{"8ab91ffa-bb0d-11e6-a366-22000ac481df":{"position":[0,0,0],"scale":[1,1,1],"name":"Root","parent":null,"resource_id":"8ab91ffa-bb0d-11e6-a366-22000ac481df","components":{"script":{"enabled":true,"order":["colorManager"],"scripts":{"colorManager":{"enabled":true,"attributes":{"GemMaterials":[172898491],"WhiteGoldMaterials":[172898492],"WhiteGoldModels":["ea0af90f-698e-4163-b388-b5d1b06f2c88","cceb6ad4-ed67-4c5a-bb9d-b2b6903ab59f","3aab9b53-ba4a-4e08-97da-095771b45d6b","22c4a1fa-ad95-4be6-b21d-bce3017b386a","b26bcb5f-c1e0-4b81-9ac9-5d0a544c55d1","9da03278-16b6-4622-a14c-4304031fb975","bc8c27fd-b2b0-46dc-a8bc-1371c97c4e36","33abaaac-1a4c-4ee6-be33-9fed43fd47e4"],"GemModelParent":"3f940d67-f6d4-4efd-a9e6-5c4d07c4d479","RingMetalParent":"3801c97e-90ae-4a48-8dc6-155d958e1d59","WhiteMetalModels":["15a8fefb-dda5-4e61-81ad-28a947295353","e3eba84c-2c40-4906-a044-427056c3683f","829d6ab2-4c12-4ee4-ab43-8ff09b58e340","4d6cb5dc-5aa2-4942-b4ad-14a59bb1d7e6","006fab0c-ee2a-4fc7-9a33-4a7dde43b77f","207423ee-22a5-42ba-9f07-cbd93771fe6e","03f92f54-0d60-4be0-9382-00a6ae33b2c1","eeeab5aa-bf6f-4906-aeee-2551b5c2cd6d","455cc6bd-577d-4826-a564-c1963f36c84d","21c2574a-2602-43e5-bacc-2d8ed2209d90","0673a9e2-4b0e-47d1-8d87-b9b2461418a0","d441e9e0-731c-4283-9bbc-88083f0c8d9e","9828c469-186a-40b9-9ce1-e78bca175fa5","824c07bf-14cf-43d5-a586-0fe672d7fec6"],"RingMetalMaterials":[172898509],"WhiteMetalMaterials":[172898502],"GemColorButtonsGroup":"f00b5dab-7b3b-4d7c-a600-f9a4e8ff9e7d","MetalColorButtonsGroup":"8095a735-2d94-43d4-bc1c-48c5277f047d","RingEntity":"da228d12-3484-4d29-911d-0f3554f9109b","ResetButton":"2e1f9a70-c7e0-4d96-a692-067a5e5e96c7"}}}}},"rotation":[0,0,0],"enabled":true,"children":["8ab921f8-bb0d-11e6-a366-22000ac481df","8ab923ba-bb0d-11e6-a366-22000ac481df","da228d12-3484-4d29-911d-0f3554f9109b","5c9c369e-d88a-4122-9a52-ba45c8df7e39","2ab78037-9242-4c96-840c-565ecc1606db"],"tags":[]},"8ab921f8-bb0d-11e6-a366-22000ac481df":{"position":[2.106193780899048,1.6242424249649048,2.106193780899048],"scale":[1,1,1],"name":"Camera","parent":"8ab91ffa-bb0d-11e6-a366-22000ac481df","resource_id":"8ab921f8-bb0d-11e6-a366-22000ac481df","components":{"camera":{"projection":0,"farClip":1000,"clearColorBuffer":true,"priority":0,"fov":45,"clearDepthBuffer":true,"frustumCulling":true,"clearColor":[0.5843137254901961,0.6470588235294118,0.6509803921568628,1],"enabled":true,"orthoHeight":4,"nearClip":0.1,"rect":[0,0,1,1],"layers":[0,1,2,3,4]}},"rotation":[-30,45,0],"enabled":true,"children":[],"tags":[]},"8ab923ba-bb0d-11e6-a366-22000ac481df":{"position":[2,2,-2],"scale":[1,1,1],"name":"Light","parent":"8ab91ffa-bb0d-11e6-a366-22000ac481df","resource_id":"8ab923ba-bb0d-11e6-a366-22000ac481df","components":{"light":{"castShadows":true,"shadowDistance":16,"vsmBlurSize":11,"shadowUpdateMode":2,"normalOffsetBias":0.4,"color":[1,1,1],"falloffMode":0,"shadowResolution":2048,"outerConeAngle":45,"enabled":true,"range":8,"affectDynamic":true,"intensity":1,"affectLightmapped":false,"vsmBlurMode":1,"innerConeAngle":40,"shadowBias":0.4,"bake":false,"type":"directional","shadowType":4,"vsmBias":0.01,"isStatic":false,"bakeDir":true,"cookieAsset":null,"cookieIntensity":1,"cookieFalloff":true,"cookieChannel":"rgb","cookieAngle":0,"cookieScale":[1,1],"cookieOffset":[0,0],"shape":0,"numCascades":1,"cascadeDistribution":0.5,"layers":[0]}},"rotation":[35,15,0],"enabled":true,"children":[],"tags":[]},"5c9c369e-d88a-4122-9a52-ba45c8df7e39":{"name":"Plane","tags":[],"enabled":false,"resource_id":"5c9c369e-d88a-4122-9a52-ba45c8df7e39","parent":"8ab91ffa-bb0d-11e6-a366-22000ac481df","children":[],"position":[-0.6000000238418579,-1.4167657610400992,-0.6000000238418579],"rotation":[0,0,0],"scale":[4,4,4],"components":{"render":{"enabled":true,"type":"plane","asset":null,"materialAssets":[null],"layers":[0],"batchGroupId":null,"castShadows":true,"castShadowsLightmap":true,"receiveShadows":true,"lightmapped":false,"lightmapSizeMultiplier":1,"castShadowsLightMap":true,"lightMapped":false,"lightMapSizeMultiplier":1,"isStatic":false,"rootBone":null}}},"d45af4c2-ca19-4407-83f7-42f85dfe5a09":{"enabled":true,"tags":[],"children":["686cb98b-55f2-42ec-b754-b816c43da329","3801c97e-90ae-4a48-8dc6-155d958e1d59","3f940d67-f6d4-4efd-a9e6-5c4d07c4d479"],"position":[0,0,0],"rotation":[-90,0,0],"scale":[0.03,0.03,0.03],"resource_id":"d45af4c2-ca19-4407-83f7-42f85dfe5a09","name":"OR4164200G","components":{},"parent":"da228d12-3484-4d29-911d-0f3554f9109b","template_ent_ids":{"d45af4c2-ca19-4407-83f7-42f85dfe5a09":"5fabaafc-7378-483a-8847-3d8cadf16610","686cb98b-55f2-42ec-b754-b816c43da329":"5892be47-3c72-437c-8040-f27072d853ce","ea0af90f-698e-4163-b388-b5d1b06f2c88":"51c8fd91-0743-4f9b-a0cd-f89b1741abee","cceb6ad4-ed67-4c5a-bb9d-b2b6903ab59f":"290e72df-029c-4298-928b-bf1058f90d5e","3aab9b53-ba4a-4e08-97da-095771b45d6b":"d9c7dd32-b795-4141-9259-e731f9d0a22e","22c4a1fa-ad95-4be6-b21d-bce3017b386a":"75e3b929-3372-47d1-b020-0b8964563d5a","b26bcb5f-c1e0-4b81-9ac9-5d0a544c55d1":"3c43aecc-13fa-4545-81af-5f5ca5251aad","9da03278-16b6-4622-a14c-4304031fb975":"03e4f142-afd5-4add-bf16-be373faa3efa","15a8fefb-dda5-4e61-81ad-28a947295353":"44675edf-51f4-4bff-a2a9-b5e243f7ffb7","e3eba84c-2c40-4906-a044-427056c3683f":"230d4e88-bc34-45ea-96c6-05a6a7ce8df9","829d6ab2-4c12-4ee4-ab43-8ff09b58e340":"8981f9a5-292d-4393-b82d-ac7c3aec27d3","4d6cb5dc-5aa2-4942-b4ad-14a59bb1d7e6":"9d484ac6-b60a-4736-bd12-96e5c457553d","006fab0c-ee2a-4fc7-9a33-4a7dde43b77f":"0cc1ef72-a4f9-4eaf-8316-b1ddd31cd98e","207423ee-22a5-42ba-9f07-cbd93771fe6e":"a97d268b-a8ea-4b8c-85a2-b32869e07cda","03f92f54-0d60-4be0-9382-00a6ae33b2c1":"8281b602-3d4b-4239-bfae-e020ed6729d0","bc8c27fd-b2b0-46dc-a8bc-1371c97c4e36":"563c481a-f928-4926-942a-170e5626dbf0","33abaaac-1a4c-4ee6-be33-9fed43fd47e4":"ada9c418-988b-4436-bf16-e8086dc27494","eeeab5aa-bf6f-4906-aeee-2551b5c2cd6d":"98362ec0-8fc8-4a0b-83ea-be152842d638","455cc6bd-577d-4826-a564-c1963f36c84d":"088bc6c0-9999-4623-83f7-451d8694995b","21c2574a-2602-43e5-bacc-2d8ed2209d90":"346dae0c-905c-4d8d-bb29-6764ef2ed302","0673a9e2-4b0e-47d1-8d87-b9b2461418a0":"a14bbf8f-944d-4dc5-b323-d4108b3e2231","d441e9e0-731c-4283-9bbc-88083f0c8d9e":"e7cc7b06-fe51-4872-b599-f40df52ecafa","9828c469-186a-40b9-9ce1-e78bca175fa5":"61367566-613a-47c4-b104-53aa56737f4d","824c07bf-14cf-43d5-a586-0fe672d7fec6":"ae77b641-6f1f-4b74-b760-09f848bb856e","3801c97e-90ae-4a48-8dc6-155d958e1d59":"d09bd3c9-edff-41d8-a678-8311ba38ced1","40c30dde-132c-43c7-84fd-0a0242e4402e":"ddc21bb8-895b-49ea-a916-cfafa2329909","4571cbde-6f04-4ec7-8422-e07f28c542dd":"a811eeed-59f9-449f-99ff-2000303481e5","f0fc6db1-adf6-4ae4-bbaa-ec4b3dfb9e27":"f0c0b4e2-6888-4ccd-9e37-dc47b2c3f173","772934f1-9dfb-40dc-9953-dcb9f3fddd99":"0f2add25-7181-414f-a7d0-c871e65e16aa","3f940d67-f6d4-4efd-a9e6-5c4d07c4d479":"d9841834-31ae-4045-b90a-56a78fc08887","cc09925c-bc1d-4307-80f1-b6606aae84ef":"8ccc1301-6f16-4b62-a371-26ba8496e03b","b6f396e8-c42a-4194-b941-3b61d974ba91":"478e7c03-2c78-4b2f-87a0-d4c07e1e12e9","08974bb3-e79b-40ac-8f8b-638dadec709c":"77485086-bb7a-463c-88b8-fb0d19baea1c","3e73baef-a49d-4e47-ac1f-88eb9bc2b150":"544678f7-e3ac-4d87-9748-07c1aaa5b709","faaa0958-e534-4101-a986-c15f298d2f5c":"c8efd367-b4b9-48e6-aa7c-0a013c695519","0f3d6429-9016-4ff9-960c-36d06fcdc798":"31ebbeae-aa25-4145-bab8-66551477251c","06a5d1ab-27dc-4a76-a114-1b1685e9edc2":"3ef6710d-0e63-4861-8531-28e6eb87e3dc","b4767668-1a91-4a07-b013-681cf863097b":"2137d890-a6b0-48b1-80ea-4cfda8e47678","1b15d699-5df1-4682-a38a-4d1e5d3892ec":"aa403741-3070-4956-8d7b-581f76fb84f7","3d255d56-4981-4e79-8c04-24a48b7f72bd":"6bb4987c-1f2c-4543-864a-471dafc6fcc7","59ba26a1-bedc-4e28-bb71-e8f3abca2d0d":"cffadeb8-0968-4fcc-bb65-88c3425eb347","36ef4967-501c-4970-8bcf-f87e0db5b919":"19e06135-361a-420c-a2f4-ce1a902388b9","3b4215c3-1b4d-49db-a2cd-6e86ae499c7d":"3b8c11fb-237d-4f4e-8b22-ab2dfd490372"},"template_id":172893582},"686cb98b-55f2-42ec-b754-b816c43da329":{"enabled":true,"tags":[],"children":["ea0af90f-698e-4163-b388-b5d1b06f2c88","cceb6ad4-ed67-4c5a-bb9d-b2b6903ab59f","3aab9b53-ba4a-4e08-97da-095771b45d6b","22c4a1fa-ad95-4be6-b21d-bce3017b386a","b26bcb5f-c1e0-4b81-9ac9-5d0a544c55d1","9da03278-16b6-4622-a14c-4304031fb975","15a8fefb-dda5-4e61-81ad-28a947295353","e3eba84c-2c40-4906-a044-427056c3683f","829d6ab2-4c12-4ee4-ab43-8ff09b58e340","4d6cb5dc-5aa2-4942-b4ad-14a59bb1d7e6","006fab0c-ee2a-4fc7-9a33-4a7dde43b77f","207423ee-22a5-42ba-9f07-cbd93771fe6e","03f92f54-0d60-4be0-9382-00a6ae33b2c1","bc8c27fd-b2b0-46dc-a8bc-1371c97c4e36","33abaaac-1a4c-4ee6-be33-9fed43fd47e4","eeeab5aa-bf6f-4906-aeee-2551b5c2cd6d","455cc6bd-577d-4826-a564-c1963f36c84d","21c2574a-2602-43e5-bacc-2d8ed2209d90","0673a9e2-4b0e-47d1-8d87-b9b2461418a0","d441e9e0-731c-4283-9bbc-88083f0c8d9e","9828c469-186a-40b9-9ce1-e78bca175fa5","824c07bf-14cf-43d5-a586-0fe672d7fec6"],"position":[0,0,0],"rotation":[0,0,0],"scale":[1,1,1],"resource_id":"686cb98b-55f2-42ec-b754-b816c43da329","name":"Metal","components":{},"parent":"d45af4c2-ca19-4407-83f7-42f85dfe5a09"},"ea0af90f-698e-4163-b388-b5d1b06f2c88":{"enabled":true,"tags":[],"children":[],"position":[0,0,0],"rotation":[0,0,0],"scale":[1,1,1],"resource_id":"ea0af90f-698e-4163-b388-b5d1b06f2c88","name":"Object_1","components":{"render":{"enabled":true,"type":"asset","asset":172893543,"materialAssets":[172898492],"layers":[0],"batchGroupId":null,"castShadows":true,"castShadowsLightmap":true,"receiveShadows":true,"lightmapped":false,"lightmapSizeMultiplier":1,"castShadowsLightMap":true,"lightMapped":false,"lightMapSizeMultiplier":1,"isStatic":false,"rootBone":null}},"parent":"686cb98b-55f2-42ec-b754-b816c43da329"},"cceb6ad4-ed67-4c5a-bb9d-b2b6903ab59f":{"enabled":true,"tags":[],"children":[],"position":[0,0,0],"rotation":[0,0,0],"scale":[1,1,1],"resource_id":"cceb6ad4-ed67-4c5a-bb9d-b2b6903ab59f","name":"Object_2","components":{"render":{"enabled":true,"type":"asset","asset":172893544,"materialAssets":[172898492],"layers":[0],"batchGroupId":null,"castShadows":true,"castShadowsLightmap":true,"receiveShadows":true,"lightmapped":false,"lightmapSizeMultiplier":1,"castShadowsLightMap":true,"lightMapped":false,"lightMapSizeMultiplier":1,"isStatic":false,"rootBone":null}},"parent":"686cb98b-55f2-42ec-b754-b816c43da329"},"3aab9b53-ba4a-4e08-97da-095771b45d6b":{"enabled":true,"tags":[],"children":[],"position":[0,0,0],"rotation":[0,0,0],"scale":[1,1,1],"resource_id":"3aab9b53-ba4a-4e08-97da-095771b45d6b","name":"Object_3","components":{"render":{"enabled":true,"type":"asset","asset":172893545,"materialAssets":[172898492],"layers":[0],"batchGroupId":null,"castShadows":true,"castShadowsLightmap":true,"receiveShadows":true,"lightmapped":false,"lightmapSizeMultiplier":1,"castShadowsLightMap":true,"lightMapped":false,"lightMapSizeMultiplier":1,"isStatic":false,"rootBone":null}},"parent":"686cb98b-55f2-42ec-b754-b816c43da329"},"22c4a1fa-ad95-4be6-b21d-bce3017b386a":{"enabled":true,"tags":[],"children":[],"position":[0,0,0],"rotation":[0,0,0],"scale":[1,1,1],"resource_id":"22c4a1fa-ad95-4be6-b21d-bce3017b386a","name":"Object_4","components":{"render":{"enabled":true,"type":"asset","asset":172893546,"materialAssets":[172898492],"layers":[0],"batchGroupId":null,"castShadows":true,"castShadowsLightmap":true,"receiveShadows":true,"lightmapped":false,"lightmapSizeMultiplier":1,"castShadowsLightMap":true,"lightMapped":false,"lightMapSizeMultiplier":1,"isStatic":false,"rootBone":null}},"parent":"686cb98b-55f2-42ec-b754-b816c43da329"},"b26bcb5f-c1e0-4b81-9ac9-5d0a544c55d1":{"enabled":true,"tags":[],"children":[],"position":[0,0,0],"rotation":[0,0,0],"scale":[1,1,1],"resource_id":"b26bcb5f-c1e0-4b81-9ac9-5d0a544c55d1","name":"Object_5","components":{"render":{"enabled":true,"type":"asset","asset":172893547,"materialAssets":[172898492],"layers":[0],"batchGroupId":null,"castShadows":true,"castShadowsLightmap":true,"receiveShadows":true,"lightmapped":false,"lightmapSizeMultiplier":1,"castShadowsLightMap":true,"lightMapped":false,"lightMapSizeMultiplier":1,"isStatic":false,"rootBone":null}},"parent":"686cb98b-55f2-42ec-b754-b816c43da329"},"9da03278-16b6-4622-a14c-4304031fb975":{"enabled":true,"tags":[],"children":[],"position":[0,0,0],"rotation":[0,0,0],"scale":[1,1,1],"resource_id":"9da03278-16b6-4622-a14c-4304031fb975","name":"Object_6","components":{"render":{"enabled":true,"type":"asset","asset":172893548,"materialAssets":[172898492],"layers":[0],"batchGroupId":null,"castShadows":true,"castShadowsLightmap":true,"receiveShadows":true,"lightmapped":false,"lightmapSizeMultiplier":1,"castShadowsLightMap":true,"lightMapped":false,"lightMapSizeMultiplier":1,"isStatic":false,"rootBone":null}},"parent":"686cb98b-55f2-42ec-b754-b816c43da329"},"15a8fefb-dda5-4e61-81ad-28a947295353":{"enabled":true,"tags":[],"children":[],"position":[0,0,0],"rotation":[0,0,0],"scale":[1,1,1],"resource_id":"15a8fefb-dda5-4e61-81ad-28a947295353","name":"Object_7","components":{"render":{"enabled":true,"type":"asset","asset":172893549,"materialAssets":[172898502],"layers":[0],"batchGroupId":null,"castShadows":true,"castShadowsLightmap":true,"receiveShadows":true,"lightmapped":false,"lightmapSizeMultiplier":1,"castShadowsLightMap":true,"lightMapped":false,"lightMapSizeMultiplier":1,"isStatic":false,"rootBone":null}},"parent":"686cb98b-55f2-42ec-b754-b816c43da329"},"e3eba84c-2c40-4906-a044-427056c3683f":{"enabled":true,"tags":[],"children":[],"position":[0,0,0],"rotation":[0,0,0],"scale":[1,1,1],"resource_id":"e3eba84c-2c40-4906-a044-427056c3683f","name":"Object_10","components":{"render":{"enabled":true,"type":"asset","asset":172893550,"materialAssets":[172898502],"layers":[0],"batchGroupId":null,"castShadows":true,"castShadowsLightmap":true,"receiveShadows":true,"lightmapped":false,"lightmapSizeMultiplier":1,"castShadowsLightMap":true,"lightMapped":false,"lightMapSizeMultiplier":1,"isStatic":false,"rootBone":null}},"parent":"686cb98b-55f2-42ec-b754-b816c43da329"},"829d6ab2-4c12-4ee4-ab43-8ff09b58e340":{"enabled":true,"tags":[],"children":[],"position":[0,0,0],"rotation":[0,0,0],"scale":[1,1,1],"resource_id":"829d6ab2-4c12-4ee4-ab43-8ff09b58e340","name":"Object_13","components":{"render":{"enabled":true,"type":"asset","asset":172893551,"materialAssets":[172898502],"layers":[0],"batchGroupId":null,"castShadows":true,"castShadowsLightmap":true,"receiveShadows":true,"lightmapped":false,"lightmapSizeMultiplier":1,"castShadowsLightMap":true,"lightMapped":false,"lightMapSizeMultiplier":1,"isStatic":false,"rootBone":null}},"parent":"686cb98b-55f2-42ec-b754-b816c43da329"},"4d6cb5dc-5aa2-4942-b4ad-14a59bb1d7e6":{"enabled":true,"tags":[],"children":[],"position":[0,0,0],"rotation":[0,0,0],"scale":[1,1,1],"resource_id":"4d6cb5dc-5aa2-4942-b4ad-14a59bb1d7e6","name":"Object_14","components":{"render":{"enabled":true,"type":"asset","asset":172893552,"materialAssets":[172898502],"layers":[0],"batchGroupId":null,"castShadows":true,"castShadowsLightmap":true,"receiveShadows":true,"lightmapped":false,"lightmapSizeMultiplier":1,"castShadowsLightMap":true,"lightMapped":false,"lightMapSizeMultiplier":1,"isStatic":false,"rootBone":null}},"parent":"686cb98b-55f2-42ec-b754-b816c43da329"},"006fab0c-ee2a-4fc7-9a33-4a7dde43b77f":{"enabled":true,"tags":[],"children":[],"position":[0,0,0],"rotation":[0,0,0],"scale":[1,1,1],"resource_id":"006fab0c-ee2a-4fc7-9a33-4a7dde43b77f","name":"Object_15","components":{"render":{"enabled":true,"type":"asset","asset":172893553,"materialAssets":[172898502],"layers":[0],"batchGroupId":null,"castShadows":true,"castShadowsLightmap":true,"receiveShadows":true,"lightmapped":false,"lightmapSizeMultiplier":1,"castShadowsLightMap":true,"lightMapped":false,"lightMapSizeMultiplier":1,"isStatic":false,"rootBone":null}},"parent":"686cb98b-55f2-42ec-b754-b816c43da329"},"207423ee-22a5-42ba-9f07-cbd93771fe6e":{"enabled":true,"tags":[],"children":[],"position":[0,0,0],"rotation":[0,0,0],"scale":[1,1,1],"resource_id":"207423ee-22a5-42ba-9f07-cbd93771fe6e","name":"Object_16","components":{"render":{"enabled":true,"type":"asset","asset":172893554,"materialAssets":[172898502],"layers":[0],"batchGroupId":null,"castShadows":true,"castShadowsLightmap":true,"receiveShadows":true,"lightmapped":false,"lightmapSizeMultiplier":1,"castShadowsLightMap":true,"lightMapped":false,"lightMapSizeMultiplier":1,"isStatic":false,"rootBone":null}},"parent":"686cb98b-55f2-42ec-b754-b816c43da329"},"03f92f54-0d60-4be0-9382-00a6ae33b2c1":{"enabled":true,"tags":[],"children":[],"position":[0,0,0],"rotation":[0,0,0],"scale":[1,1,1],"resource_id":"03f92f54-0d60-4be0-9382-00a6ae33b2c1","name":"Object_17","components":{"render":{"enabled":true,"type":"asset","asset":172893555,"materialAssets":[172898502],"layers":[0],"batchGroupId":null,"castShadows":true,"castShadowsLightmap":true,"receiveShadows":true,"lightmapped":false,"lightmapSizeMultiplier":1,"castShadowsLightMap":true,"lightMapped":false,"lightMapSizeMultiplier":1,"isStatic":false,"rootBone":null}},"parent":"686cb98b-55f2-42ec-b754-b816c43da329"},"bc8c27fd-b2b0-46dc-a8bc-1371c97c4e36":{"enabled":true,"tags":[],"children":[],"position":[0,0,0],"rotation":[0,0,0],"scale":[1,1,1],"resource_id":"bc8c27fd-b2b0-46dc-a8bc-1371c97c4e36","name":"Object_18","components":{"render":{"enabled":true,"type":"asset","asset":172893556,"materialAssets":[172898492],"layers":[0],"batchGroupId":null,"castShadows":true,"castShadowsLightmap":true,"receiveShadows":true,"lightmapped":false,"lightmapSizeMultiplier":1,"castShadowsLightMap":true,"lightMapped":false,"lightMapSizeMultiplier":1,"isStatic":false,"rootBone":null}},"parent":"686cb98b-55f2-42ec-b754-b816c43da329"},"33abaaac-1a4c-4ee6-be33-9fed43fd47e4":{"enabled":true,"tags":[],"children":[],"position":[0,0,0],"rotation":[0,0,0],"scale":[1,1,1],"resource_id":"33abaaac-1a4c-4ee6-be33-9fed43fd47e4","name":"Object_19","components":{"render":{"enabled":true,"type":"asset","asset":172893557,"materialAssets":[172898492],"layers":[0],"batchGroupId":null,"castShadows":true,"castShadowsLightmap":true,"receiveShadows":true,"lightmapped":false,"lightmapSizeMultiplier":1,"castShadowsLightMap":true,"lightMapped":false,"lightMapSizeMultiplier":1,"isStatic":false,"rootBone":null}},"parent":"686cb98b-55f2-42ec-b754-b816c43da329"},"eeeab5aa-bf6f-4906-aeee-2551b5c2cd6d":{"enabled":true,"tags":[],"children":[],"position":[0,0,0],"rotation":[0,0,0],"scale":[1,1,1],"resource_id":"eeeab5aa-bf6f-4906-aeee-2551b5c2cd6d","name":"Object_20","components":{"render":{"enabled":true,"type":"asset","asset":172893558,"materialAssets":[172898502],"layers":[0],"batchGroupId":null,"castShadows":true,"castShadowsLightmap":true,"receiveShadows":true,"lightmapped":false,"lightmapSizeMultiplier":1,"castShadowsLightMap":true,"lightMapped":false,"lightMapSizeMultiplier":1,"isStatic":false,"rootBone":null}},"parent":"686cb98b-55f2-42ec-b754-b816c43da329"},"455cc6bd-577d-4826-a564-c1963f36c84d":{"enabled":true,"tags":[],"children":[],"position":[0,0,0],"rotation":[0,0,0],"scale":[1,1,1],"resource_id":"455cc6bd-577d-4826-a564-c1963f36c84d","name":"Object_21","components":{"render":{"enabled":true,"type":"asset","asset":172893559,"materialAssets":[172898502],"layers":[0],"batchGroupId":null,"castShadows":true,"castShadowsLightmap":true,"receiveShadows":true,"lightmapped":false,"lightmapSizeMultiplier":1,"castShadowsLightMap":true,"lightMapped":false,"lightMapSizeMultiplier":1,"isStatic":false,"rootBone":null}},"parent":"686cb98b-55f2-42ec-b754-b816c43da329"},"21c2574a-2602-43e5-bacc-2d8ed2209d90":{"enabled":true,"tags":[],"children":[],"position":[0,0,0],"rotation":[0,0,0],"scale":[1,1,1],"resource_id":"21c2574a-2602-43e5-bacc-2d8ed2209d90","name":"Object_22","components":{"render":{"enabled":true,"type":"asset","asset":172893560,"materialAssets":[172898502],"layers":[0],"batchGroupId":null,"castShadows":true,"castShadowsLightmap":true,"receiveShadows":true,"lightmapped":false,"lightmapSizeMultiplier":1,"castShadowsLightMap":true,"lightMapped":false,"lightMapSizeMultiplier":1,"isStatic":false,"rootBone":null}},"parent":"686cb98b-55f2-42ec-b754-b816c43da329"},"0673a9e2-4b0e-47d1-8d87-b9b2461418a0":{"enabled":true,"tags":[],"children":[],"position":[0,0,0],"rotation":[0,0,0],"scale":[1,1,1],"resource_id":"0673a9e2-4b0e-47d1-8d87-b9b2461418a0","name":"Object_23","components":{"render":{"enabled":true,"type":"asset","asset":172893561,"materialAssets":[172898502],"layers":[0],"batchGroupId":null,"castShadows":true,"castShadowsLightmap":true,"receiveShadows":true,"lightmapped":false,"lightmapSizeMultiplier":1,"castShadowsLightMap":true,"lightMapped":false,"lightMapSizeMultiplier":1,"isStatic":false,"rootBone":null}},"parent":"686cb98b-55f2-42ec-b754-b816c43da329"},"d441e9e0-731c-4283-9bbc-88083f0c8d9e":{"enabled":true,"tags":[],"children":[],"position":[0,0,0],"rotation":[0,0,0],"scale":[1,1,1],"resource_id":"d441e9e0-731c-4283-9bbc-88083f0c8d9e","name":"Object_24","components":{"render":{"enabled":true,"type":"asset","asset":172893562,"materialAssets":[172898502],"layers":[0],"batchGroupId":null,"castShadows":true,"castShadowsLightmap":true,"receiveShadows":true,"lightmapped":false,"lightmapSizeMultiplier":1,"castShadowsLightMap":true,"lightMapped":false,"lightMapSizeMultiplier":1,"isStatic":false,"rootBone":null}},"parent":"686cb98b-55f2-42ec-b754-b816c43da329"},"9828c469-186a-40b9-9ce1-e78bca175fa5":{"enabled":true,"tags":[],"children":[],"position":[0,0,0],"rotation":[0,0,0],"scale":[1,1,1],"resource_id":"9828c469-186a-40b9-9ce1-e78bca175fa5","name":"Object_25","components":{"render":{"enabled":true,"type":"asset","asset":172893563,"materialAssets":[172898502],"layers":[0],"batchGroupId":null,"castShadows":true,"castShadowsLightmap":true,"receiveShadows":true,"lightmapped":false,"lightmapSizeMultiplier":1,"castShadowsLightMap":true,"lightMapped":false,"lightMapSizeMultiplier":1,"isStatic":false,"rootBone":null}},"parent":"686cb98b-55f2-42ec-b754-b816c43da329"},"824c07bf-14cf-43d5-a586-0fe672d7fec6":{"enabled":true,"tags":[],"children":[],"position":[0,0,0],"rotation":[0,0,0],"scale":[1,1,1],"resource_id":"824c07bf-14cf-43d5-a586-0fe672d7fec6","name":"Object_26","components":{"render":{"enabled":true,"type":"asset","asset":172893564,"materialAssets":[172898502],"layers":[0],"batchGroupId":null,"castShadows":true,"castShadowsLightmap":true,"receiveShadows":true,"lightmapped":false,"lightmapSizeMultiplier":1,"castShadowsLightMap":true,"lightMapped":false,"lightMapSizeMultiplier":1,"isStatic":false,"rootBone":null}},"parent":"686cb98b-55f2-42ec-b754-b816c43da329"},"3801c97e-90ae-4a48-8dc6-155d958e1d59":{"enabled":true,"tags":[],"children":["40c30dde-132c-43c7-84fd-0a0242e4402e","4571cbde-6f04-4ec7-8422-e07f28c542dd","f0fc6db1-adf6-4ae4-bbaa-ec4b3dfb9e27","772934f1-9dfb-40dc-9953-dcb9f3fddd99"],"position":[0,0,0],"rotation":[0,0,0],"scale":[1,1,1],"resource_id":"3801c97e-90ae-4a48-8dc6-155d958e1d59","name":"RingMetal","components":{},"parent":"d45af4c2-ca19-4407-83f7-42f85dfe5a09"},"40c30dde-132c-43c7-84fd-0a0242e4402e":{"enabled":true,"tags":[],"children":[],"position":[0,0,0],"rotation":[0,0,0],"scale":[1,1,1],"resource_id":"40c30dde-132c-43c7-84fd-0a0242e4402e","name":"Object_8","components":{"render":{"enabled":true,"type":"asset","asset":172893565,"materialAssets":[172898509],"layers":[0],"batchGroupId":null,"castShadows":true,"castShadowsLightmap":true,"receiveShadows":true,"lightmapped":false,"lightmapSizeMultiplier":1,"castShadowsLightMap":true,"lightMapped":false,"lightMapSizeMultiplier":1,"isStatic":false,"rootBone":null}},"parent":"3801c97e-90ae-4a48-8dc6-155d958e1d59"},"4571cbde-6f04-4ec7-8422-e07f28c542dd":{"enabled":true,"tags":[],"children":[],"position":[0,0,0],"rotation":[0,0,0],"scale":[1,1,1],"resource_id":"4571cbde-6f04-4ec7-8422-e07f28c542dd","name":"Object_9","components":{"render":{"enabled":true,"type":"asset","asset":172893566,"materialAssets":[172898509],"layers":[0],"batchGroupId":null,"castShadows":true,"castShadowsLightmap":true,"receiveShadows":true,"lightmapped":false,"lightmapSizeMultiplier":1,"castShadowsLightMap":true,"lightMapped":false,"lightMapSizeMultiplier":1,"isStatic":false,"rootBone":null}},"parent":"3801c97e-90ae-4a48-8dc6-155d958e1d59"},"f0fc6db1-adf6-4ae4-bbaa-ec4b3dfb9e27":{"enabled":true,"tags":[],"children":[],"position":[0,0,0],"rotation":[0,0,0],"scale":[1,1,1],"resource_id":"f0fc6db1-adf6-4ae4-bbaa-ec4b3dfb9e27","name":"Object_11","components":{"render":{"enabled":true,"type":"asset","asset":172893567,"materialAssets":[172898509],"layers":[0],"batchGroupId":null,"castShadows":true,"castShadowsLightmap":true,"receiveShadows":true,"lightmapped":false,"lightmapSizeMultiplier":1,"castShadowsLightMap":true,"lightMapped":false,"lightMapSizeMultiplier":1,"isStatic":false,"rootBone":null}},"parent":"3801c97e-90ae-4a48-8dc6-155d958e1d59"},"772934f1-9dfb-40dc-9953-dcb9f3fddd99":{"enabled":true,"tags":[],"children":[],"position":[0,0,0],"rotation":[0,0,0],"scale":[1,1,1],"resource_id":"772934f1-9dfb-40dc-9953-dcb9f3fddd99","name":"Object_12","components":{"render":{"enabled":true,"type":"asset","asset":172893568,"materialAssets":[172898509],"layers":[0],"batchGroupId":null,"castShadows":true,"castShadowsLightmap":true,"receiveShadows":true,"lightmapped":false,"lightmapSizeMultiplier":1,"castShadowsLightMap":true,"lightMapped":false,"lightMapSizeMultiplier":1,"isStatic":false,"rootBone":null}},"parent":"3801c97e-90ae-4a48-8dc6-155d958e1d59"},"3f940d67-f6d4-4efd-a9e6-5c4d07c4d479":{"enabled":true,"tags":[],"children":["cc09925c-bc1d-4307-80f1-b6606aae84ef","b6f396e8-c42a-4194-b941-3b61d974ba91","08974bb3-e79b-40ac-8f8b-638dadec709c","3e73baef-a49d-4e47-ac1f-88eb9bc2b150","faaa0958-e534-4101-a986-c15f298d2f5c","0f3d6429-9016-4ff9-960c-36d06fcdc798","06a5d1ab-27dc-4a76-a114-1b1685e9edc2","b4767668-1a91-4a07-b013-681cf863097b","1b15d699-5df1-4682-a38a-4d1e5d3892ec","3d255d56-4981-4e79-8c04-24a48b7f72bd","59ba26a1-bedc-4e28-bb71-e8f3abca2d0d","36ef4967-501c-4970-8bcf-f87e0db5b919","3b4215c3-1b4d-49db-a2cd-6e86ae499c7d"],"position":[0,0,0],"rotation":[0,0,0],"scale":[1,1,1],"resource_id":"3f940d67-f6d4-4efd-a9e6-5c4d07c4d479","name":"Gem","components":{},"parent":"d45af4c2-ca19-4407-83f7-42f85dfe5a09"},"cc09925c-bc1d-4307-80f1-b6606aae84ef":{"enabled":true,"tags":[],"children":[],"position":[0,0,0],"rotation":[0,0,0],"scale":[1,1,1],"resource_id":"cc09925c-bc1d-4307-80f1-b6606aae84ef","name":"Custom_Baguette_v1.0_Length2.700000_BottomWidth1.500000_TopWidth1.060857_Height0.900000_Girdle0.056250","components":{"render":{"enabled":true,"type":"asset","asset":172893569,"materialAssets":[172898491],"layers":[0],"batchGroupId":null,"castShadows":true,"castShadowsLightmap":true,"receiveShadows":true,"lightmapped":false,"lightmapSizeMultiplier":1,"castShadowsLightMap":true,"lightMapped":false,"lightMapSizeMultiplier":1,"isStatic":false,"rootBone":null}},"parent":"3f940d67-f6d4-4efd-a9e6-5c4d07c4d479"},"b6f396e8-c42a-4194-b941-3b61d974ba91":{"enabled":true,"tags":[],"children":[],"position":[0,0,0],"rotation":[0,0,0],"scale":[1,1,1],"resource_id":"b6f396e8-c42a-4194-b941-3b61d974ba91","name":"Custom_Baguette_v1.0_Length2.700000_BottomWidth1.500000_TopWidth1.060857_Height0.900000_Girdle0.056250_2","components":{"render":{"enabled":true,"type":"asset","asset":172893570,"materialAssets":[172898491],"layers":[0],"batchGroupId":null,"castShadows":true,"castShadowsLightmap":true,"receiveShadows":true,"lightmapped":false,"lightmapSizeMultiplier":1,"castShadowsLightMap":true,"lightMapped":false,"lightMapSizeMultiplier":1,"isStatic":false,"rootBone":null}},"parent":"3f940d67-f6d4-4efd-a9e6-5c4d07c4d479"},"08974bb3-e79b-40ac-8f8b-638dadec709c":{"enabled":true,"tags":[],"children":[],"position":[0,0,0],"rotation":[0,0,0],"scale":[1,1,1],"resource_id":"08974bb3-e79b-40ac-8f8b-638dadec709c","name":"Diamond_Round","components":{"render":{"enabled":true,"type":"asset","asset":172893571,"materialAssets":[172898491],"layers":[0],"batchGroupId":null,"castShadows":true,"castShadowsLightmap":true,"receiveShadows":true,"lightmapped":false,"lightmapSizeMultiplier":1,"castShadowsLightMap":true,"lightMapped":false,"lightMapSizeMultiplier":1,"isStatic":false,"rootBone":null}},"parent":"3f940d67-f6d4-4efd-a9e6-5c4d07c4d479"},"3e73baef-a49d-4e47-ac1f-88eb9bc2b150":{"enabled":true,"tags":[],"children":[],"position":[0,0,0],"rotation":[0,0,0],"scale":[1,1,1],"resource_id":"3e73baef-a49d-4e47-ac1f-88eb9bc2b150","name":"Custom_Baguette_v1.0_Length2.700000_BottomWidth1.500000_TopWidth1.060857_Height0.900000_Girdle0.056250_3","components":{"render":{"enabled":true,"type":"asset","asset":172893572,"materialAssets":[172898491],"layers":[0],"batchGroupId":null,"castShadows":true,"castShadowsLightmap":true,"receiveShadows":true,"lightmapped":false,"lightmapSizeMultiplier":1,"castShadowsLightMap":true,"lightMapped":false,"lightMapSizeMultiplier":1,"isStatic":false,"rootBone":null}},"parent":"3f940d67-f6d4-4efd-a9e6-5c4d07c4d479"},"faaa0958-e534-4101-a986-c15f298d2f5c":{"enabled":true,"tags":[],"children":[],"position":[0,0,0],"rotation":[0,0,0],"scale":[1,1,1],"resource_id":"faaa0958-e534-4101-a986-c15f298d2f5c","name":"Custom_Baguette_v1.0_Length2.700000_BottomWidth1.500000_TopWidth1.060857_Height0.900000_Girdle0.056250_4","components":{"render":{"enabled":true,"type":"asset","asset":172893573,"materialAssets":[172898491],"layers":[0],"batchGroupId":null,"castShadows":true,"castShadowsLightmap":true,"receiveShadows":true,"lightmapped":false,"lightmapSizeMultiplier":1,"castShadowsLightMap":true,"lightMapped":false,"lightMapSizeMultiplier":1,"isStatic":false,"rootBone":null}},"parent":"3f940d67-f6d4-4efd-a9e6-5c4d07c4d479"},"0f3d6429-9016-4ff9-960c-36d06fcdc798":{"enabled":true,"tags":[],"children":[],"position":[0,0,0],"rotation":[0,0,0],"scale":[1,1,1],"resource_id":"0f3d6429-9016-4ff9-960c-36d06fcdc798","name":"Diamond_Round_2","components":{"render":{"enabled":true,"type":"asset","asset":172893574,"materialAssets":[172898491],"layers":[0],"batchGroupId":null,"castShadows":true,"castShadowsLightmap":true,"receiveShadows":true,"lightmapped":false,"lightmapSizeMultiplier":1,"castShadowsLightMap":true,"lightMapped":false,"lightMapSizeMultiplier":1,"isStatic":false,"rootBone":null}},"parent":"3f940d67-f6d4-4efd-a9e6-5c4d07c4d479"},"06a5d1ab-27dc-4a76-a114-1b1685e9edc2":{"enabled":true,"tags":[],"children":[],"position":[0,0,0],"rotation":[0,0,0],"scale":[1,1,1],"resource_id":"06a5d1ab-27dc-4a76-a114-1b1685e9edc2","name":"Diamond_Round_3","components":{"render":{"enabled":true,"type":"asset","asset":172893575,"materialAssets":[172898491],"layers":[0],"batchGroupId":null,"castShadows":true,"castShadowsLightmap":true,"receiveShadows":true,"lightmapped":false,"lightmapSizeMultiplier":1,"castShadowsLightMap":true,"lightMapped":false,"lightMapSizeMultiplier":1,"isStatic":false,"rootBone":null}},"parent":"3f940d67-f6d4-4efd-a9e6-5c4d07c4d479"},"b4767668-1a91-4a07-b013-681cf863097b":{"enabled":true,"tags":[],"children":[],"position":[0,0,0],"rotation":[0,0,0],"scale":[1,1,1],"resource_id":"b4767668-1a91-4a07-b013-681cf863097b","name":"Diamond_Round_4","components":{"render":{"enabled":true,"type":"asset","asset":172893576,"materialAssets":[172898491],"layers":[0],"batchGroupId":null,"castShadows":true,"castShadowsLightmap":true,"receiveShadows":true,"lightmapped":false,"lightmapSizeMultiplier":1,"castShadowsLightMap":true,"lightMapped":false,"lightMapSizeMultiplier":1,"isStatic":false,"rootBone":null}},"parent":"3f940d67-f6d4-4efd-a9e6-5c4d07c4d479"},"1b15d699-5df1-4682-a38a-4d1e5d3892ec":{"enabled":true,"tags":[],"children":[],"position":[0,0,0],"rotation":[0,0,0],"scale":[1,1,1],"resource_id":"1b15d699-5df1-4682-a38a-4d1e5d3892ec","name":"Diamond_Round_5","components":{"render":{"enabled":true,"type":"asset","asset":172893577,"materialAssets":[172898491],"layers":[0],"batchGroupId":null,"castShadows":true,"castShadowsLightmap":true,"receiveShadows":true,"lightmapped":false,"lightmapSizeMultiplier":1,"castShadowsLightMap":true,"lightMapped":false,"lightMapSizeMultiplier":1,"isStatic":false,"rootBone":null}},"parent":"3f940d67-f6d4-4efd-a9e6-5c4d07c4d479"},"3d255d56-4981-4e79-8c04-24a48b7f72bd":{"enabled":true,"tags":[],"children":[],"position":[0,0,0],"rotation":[0,0,0],"scale":[1,1,1],"resource_id":"3d255d56-4981-4e79-8c04-24a48b7f72bd","name":"Diamond_Round_6","components":{"render":{"enabled":true,"type":"asset","asset":172893578,"materialAssets":[172898491],"layers":[0],"batchGroupId":null,"castShadows":true,"castShadowsLightmap":true,"receiveShadows":true,"lightmapped":false,"lightmapSizeMultiplier":1,"castShadowsLightMap":true,"lightMapped":false,"lightMapSizeMultiplier":1,"isStatic":false,"rootBone":null}},"parent":"3f940d67-f6d4-4efd-a9e6-5c4d07c4d479"},"59ba26a1-bedc-4e28-bb71-e8f3abca2d0d":{"enabled":true,"tags":[],"children":[],"position":[0,0,0],"rotation":[0,0,0],"scale":[1,1,1],"resource_id":"59ba26a1-bedc-4e28-bb71-e8f3abca2d0d","name":"Diamond_Round_7","components":{"render":{"enabled":true,"type":"asset","asset":172893579,"materialAssets":[172898491],"layers":[0],"batchGroupId":null,"castShadows":true,"castShadowsLightmap":true,"receiveShadows":true,"lightmapped":false,"lightmapSizeMultiplier":1,"castShadowsLightMap":true,"lightMapped":false,"lightMapSizeMultiplier":1,"isStatic":false,"rootBone":null}},"parent":"3f940d67-f6d4-4efd-a9e6-5c4d07c4d479"},"36ef4967-501c-4970-8bcf-f87e0db5b919":{"enabled":true,"tags":[],"children":[],"position":[0,0,0],"rotation":[0,0,0],"scale":[1,1,1],"resource_id":"36ef4967-501c-4970-8bcf-f87e0db5b919","name":"Diamond_Round_8","components":{"render":{"enabled":true,"type":"asset","asset":172893580,"materialAssets":[172898491],"layers":[0],"batchGroupId":null,"castShadows":true,"castShadowsLightmap":true,"receiveShadows":true,"lightmapped":false,"lightmapSizeMultiplier":1,"castShadowsLightMap":true,"lightMapped":false,"lightMapSizeMultiplier":1,"isStatic":false,"rootBone":null}},"parent":"3f940d67-f6d4-4efd-a9e6-5c4d07c4d479"},"3b4215c3-1b4d-49db-a2cd-6e86ae499c7d":{"enabled":true,"tags":[],"children":[],"position":[0,0,0],"rotation":[0,0,0],"scale":[1,1,1],"resource_id":"3b4215c3-1b4d-49db-a2cd-6e86ae499c7d","name":"Diamond_Round_9","components":{"render":{"enabled":true,"type":"asset","asset":172893581,"materialAssets":[172898491],"layers":[0],"batchGroupId":null,"castShadows":true,"castShadowsLightmap":true,"receiveShadows":true,"lightmapped":false,"lightmapSizeMultiplier":1,"castShadowsLightMap":true,"lightMapped":false,"lightMapSizeMultiplier":1,"isStatic":false,"rootBone":null}},"parent":"3f940d67-f6d4-4efd-a9e6-5c4d07c4d479"},"da228d12-3484-4d29-911d-0f3554f9109b":{"name":"Ring","tags":[],"enabled":true,"resource_id":"da228d12-3484-4d29-911d-0f3554f9109b","parent":"8ab91ffa-bb0d-11e6-a366-22000ac481df","children":["d45af4c2-ca19-4407-83f7-42f85dfe5a09"],"position":[0,0,0],"rotation":[0,0,0],"scale":[1,1,1],"components":{"script":{"enabled":true,"order":["rotate","scaleWithTouch"],"scripts":{"rotate":{"enabled":true,"attributes":{"cameraEntity":"8ab921f8-bb0d-11e6-a366-22000ac481df","orbitSensitivity":0.3}},"scaleWithTouch":{"enabled":true,"attributes":{"cameraEntity":"8ab921f8-bb0d-11e6-a366-22000ac481df","minScale":1,"maxScale":2,"scaleSpeed":0.5}}}}}},"2ab78037-9242-4c96-840c-565ecc1606db":{"name":"2D Screen","tags":[],"enabled":true,"resource_id":"2ab78037-9242-4c96-840c-565ecc1606db","parent":"8ab91ffa-bb0d-11e6-a366-22000ac481df","children":["f00b5dab-7b3b-4d7c-a600-f9a4e8ff9e7d","8095a735-2d94-43d4-bc1c-48c5277f047d","29c18763-8b65-499a-9110-d19150be7ba5","0fc499c8-191e-4a79-84a6-fe7a1a9aeab5","2e1f9a70-c7e0-4d96-a692-067a5e5e96c7"],"position":[-0.6000000238418579,-1.416765809059143,-0.6000000238418579],"rotation":[0,0,0],"scale":[1,1,1],"components":{"screen":{"enabled":true,"screenSpace":true,"scaleMode":"blend","scaleBlend":0.5,"resolution":[1280,720],"referenceResolution":[720,1280],"priority":0}}},"f00b5dab-7b3b-4d7c-a600-f9a4e8ff9e7d":{"name":"GemColorGroup","tags":[],"enabled":true,"resource_id":"f00b5dab-7b3b-4d7c-a600-f9a4e8ff9e7d","parent":"2ab78037-9242-4c96-840c-565ecc1606db","children":["3d12a236-78de-4b4b-aad8-da6c267987e6","c48c0375-65f0-4be9-8738-13fb03f069ea","d518a620-0409-4116-9714-8ef97afaf735"],"position":[-50,0.0000152587890625,0.000001430511474609375],"rotation":[0,0,0],"scale":[1,1,1],"components":{"element":{"enabled":true,"type":"group","anchor":[1,0,1,0],"pivot":[1,0],"text":"","key":null,"fontAsset":null,"fontSize":32,"minFontSize":8,"maxFontSize":32,"autoFitWidth":false,"autoFitHeight":false,"maxLines":null,"lineHeight":32,"wrapLines":true,"spacing":1,"color":[1,1,1],"opacity":1,"textureAsset":null,"spriteAsset":null,"spriteFrame":0,"pixelsPerUnit":null,"width":100,"height":400,"margin":[-150,0,50,-400],"alignment":[0.5,0.5],"outlineColor":[0,0,0,1],"outlineThickness":0,"shadowColor":[0,0,0,1],"shadowOffset":[0,0],"rect":[0,0,1,1],"materialAsset":null,"autoWidth":false,"autoHeight":false,"fitMode":"stretch","useInput":false,"batchGroupId":null,"mask":false,"layers":[4],"enableMarkup":false},"layoutgroup":{"enabled":true,"orientation":1,"reverseX":false,"reverseY":true,"alignment":[0,1],"padding":[0,0,0,0],"spacing":[0,20],"widthFitting":0,"heightFitting":0,"wrap":false}}},"3d12a236-78de-4b4b-aad8-da6c267987e6":{"name":"RedButton","tags":[],"enabled":true,"resource_id":"3d12a236-78de-4b4b-aad8-da6c267987e6","parent":"f00b5dab-7b3b-4d7c-a600-f9a4e8ff9e7d","children":["b8318311-5f17-43b9-840c-680d3c1da0ee"],"position":[0,0,0],"rotation":[0,0,0],"scale":[1,1,1],"components":{"button":{"enabled":true,"active":true,"imageEntity":"3d12a236-78de-4b4b-aad8-da6c267987e6","hitPadding":[0,0,0,0],"transitionMode":0,"hoverTint":[1,0,0,1],"pressedTint":[1,0,0,1],"inactiveTint":[1,1,1,1],"fadeDuration":0,"hoverSpriteAsset":null,"hoverSpriteFrame":0,"pressedSpriteAsset":null,"pressedSpriteFrame":0,"inactiveSpriteAsset":null,"inactiveSpriteFrame":0,"hoverTextureAsset":null,"pressedTextureAsset":null,"inactiveTextureAsset":null},"element":{"enabled":true,"type":"image","anchor":[0.5,0.5,0.5,0.5],"pivot":[0.5,0.5],"text":"","key":null,"fontAsset":null,"fontSize":32,"minFontSize":8,"maxFontSize":32,"autoFitWidth":false,"autoFitHeight":false,"maxLines":null,"lineHeight":32,"wrapLines":true,"spacing":1,"color":[1,0,0],"opacity":1,"textureAsset":null,"spriteAsset":null,"spriteFrame":0,"pixelsPerUnit":null,"width":100,"height":100,"margin":[0,334,-100,-434],"alignment":[0.5,0.5],"outlineColor":[0,0,0,1],"outlineThickness":0,"shadowColor":[0,0,0,1],"shadowOffset":[0,0],"rect":[0,0,1,1],"materialAsset":null,"autoWidth":false,"autoHeight":false,"fitMode":"stretch","useInput":true,"batchGroupId":null,"mask":false,"layers":[4],"enableMarkup":false}}},"b8318311-5f17-43b9-840c-680d3c1da0ee":{"name":"Text","tags":[],"enabled":true,"resource_id":"b8318311-5f17-43b9-840c-680d3c1da0ee","parent":"3d12a236-78de-4b4b-aad8-da6c267987e6","children":[],"position":[0,0,0],"rotation":[0,0,0],"scale":[1,1,1],"components":{"element":{"enabled":true,"type":"text","anchor":[0,0,1,1],"pivot":[0.5,0.5],"text":"","key":null,"fontAsset":null,"fontSize":32,"minFontSize":8,"maxFontSize":32,"autoFitWidth":true,"autoFitHeight":true,"maxLines":null,"lineHeight":32,"wrapLines":true,"spacing":1,"color":[0,0,0],"opacity":1,"textureAsset":null,"spriteAsset":null,"spriteFrame":0,"pixelsPerUnit":null,"width":32,"height":32,"margin":[0,0,0,0],"alignment":[0.5,0.5],"outlineColor":[0,0,0,1],"outlineThickness":0,"shadowColor":[0,0,0,1],"shadowOffset":[0,0],"rect":[0,0,1,1],"materialAsset":null,"autoWidth":false,"autoHeight":false,"fitMode":"stretch","useInput":false,"batchGroupId":null,"mask":false,"layers":[4],"enableMarkup":false}}},"c48c0375-65f0-4be9-8738-13fb03f069ea":{"name":"YelloButton","tags":[],"enabled":true,"resource_id":"c48c0375-65f0-4be9-8738-13fb03f069ea","parent":"f00b5dab-7b3b-4d7c-a600-f9a4e8ff9e7d","children":["623de2d8-67b6-4cdf-894c-10f1f82ed396"],"position":[0,0,0],"rotation":[0,0,0],"scale":[1,1,1],"components":{"button":{"enabled":true,"active":true,"imageEntity":"c48c0375-65f0-4be9-8738-13fb03f069ea","hitPadding":[0,0,0,0],"transitionMode":0,"hoverTint":[1,1,0,1],"pressedTint":[1,1,0,1],"inactiveTint":[1,1,1,1],"fadeDuration":0,"hoverSpriteAsset":null,"hoverSpriteFrame":0,"pressedSpriteAsset":null,"pressedSpriteFrame":0,"inactiveSpriteAsset":null,"inactiveSpriteFrame":0,"hoverTextureAsset":null,"pressedTextureAsset":null,"inactiveTextureAsset":null},"element":{"enabled":true,"type":"image","anchor":[0.5,0.5,0.5,0.5],"pivot":[0.5,0.5],"text":"","key":null,"fontAsset":null,"fontSize":32,"minFontSize":8,"maxFontSize":32,"autoFitWidth":false,"autoFitHeight":false,"maxLines":null,"lineHeight":32,"wrapLines":true,"spacing":1,"color":[1,1,0],"opacity":1,"textureAsset":null,"spriteAsset":null,"spriteFrame":0,"pixelsPerUnit":null,"width":100,"height":100,"margin":[0,214,-100,-314],"alignment":[0.5,0.5],"outlineColor":[0,0,0,1],"outlineThickness":0,"shadowColor":[0,0,0,1],"shadowOffset":[0,0],"rect":[0,0,1,1],"materialAsset":null,"autoWidth":false,"autoHeight":false,"fitMode":"stretch","useInput":true,"batchGroupId":null,"mask":false,"layers":[4],"enableMarkup":false}}},"623de2d8-67b6-4cdf-894c-10f1f82ed396":{"name":"Text","tags":[],"enabled":true,"resource_id":"623de2d8-67b6-4cdf-894c-10f1f82ed396","parent":"c48c0375-65f0-4be9-8738-13fb03f069ea","children":[],"position":[0,0,0],"rotation":[0,0,0],"scale":[1,1,1],"components":{"element":{"enabled":true,"type":"text","anchor":[0,0,1,1],"pivot":[0.5,0.5],"text":"","key":null,"fontAsset":null,"fontSize":32,"minFontSize":8,"maxFontSize":32,"autoFitWidth":true,"autoFitHeight":true,"maxLines":null,"lineHeight":32,"wrapLines":true,"spacing":1,"color":[0,0,0],"opacity":1,"textureAsset":null,"spriteAsset":null,"spriteFrame":0,"pixelsPerUnit":null,"width":32,"height":32,"margin":[0,0,0,0],"alignment":[0.5,0.5],"outlineColor":[0,0,0,1],"outlineThickness":0,"shadowColor":[0,0,0,1],"shadowOffset":[0,0],"rect":[0,0,1,1],"materialAsset":null,"autoWidth":false,"autoHeight":false,"fitMode":"stretch","useInput":false,"batchGroupId":null,"mask":false,"layers":[4],"enableMarkup":false}}},"d518a620-0409-4116-9714-8ef97afaf735":{"name":"SilverButton","tags":[],"enabled":true,"resource_id":"d518a620-0409-4116-9714-8ef97afaf735","parent":"f00b5dab-7b3b-4d7c-a600-f9a4e8ff9e7d","children":["c11c08ee-852e-4516-8dea-9731dc2215c6"],"position":[0,0,0],"rotation":[0,0,0],"scale":[1,1,1],"components":{"button":{"enabled":true,"active":true,"imageEntity":"d518a620-0409-4116-9714-8ef97afaf735","hitPadding":[0,0,0,0],"transitionMode":0,"hoverTint":[0.5215686274509804,0.396078431372549,0.984313725490196,1],"pressedTint":[0.5215686274509804,0.396078431372549,0.984313725490196,1],"inactiveTint":[1,1,1,1],"fadeDuration":0,"hoverSpriteAsset":null,"hoverSpriteFrame":0,"pressedSpriteAsset":null,"pressedSpriteFrame":0,"inactiveSpriteAsset":null,"inactiveSpriteFrame":0,"hoverTextureAsset":null,"pressedTextureAsset":null,"inactiveTextureAsset":null},"element":{"enabled":true,"type":"image","anchor":[0.5,0.5,0.5,0.5],"pivot":[0.5,0.5],"text":"","key":null,"fontAsset":null,"fontSize":32,"minFontSize":8,"maxFontSize":32,"autoFitWidth":false,"autoFitHeight":false,"maxLines":null,"lineHeight":32,"wrapLines":true,"spacing":1,"color":[0.5215686274509804,0.396078431372549,0.984313725490196],"opacity":1,"textureAsset":null,"spriteAsset":null,"spriteFrame":0,"pixelsPerUnit":null,"width":100,"height":100,"margin":[0,162,-100,-262],"alignment":[0.5,0.5],"outlineColor":[0,0,0,1],"outlineThickness":0,"shadowColor":[0,0,0,1],"shadowOffset":[0,0],"rect":[0,0,1,1],"materialAsset":null,"autoWidth":false,"autoHeight":false,"fitMode":"stretch","useInput":true,"batchGroupId":null,"mask":false,"layers":[4],"enableMarkup":false}}},"c11c08ee-852e-4516-8dea-9731dc2215c6":{"name":"Text","tags":[],"enabled":true,"resource_id":"c11c08ee-852e-4516-8dea-9731dc2215c6","parent":"d518a620-0409-4116-9714-8ef97afaf735","children":[],"position":[0,0,0],"rotation":[0,0,0],"scale":[1,1,1],"components":{"element":{"enabled":true,"type":"text","anchor":[0,0,1,1],"pivot":[0.5,0.5],"text":"","key":null,"fontAsset":null,"fontSize":32,"minFontSize":8,"maxFontSize":32,"autoFitWidth":true,"autoFitHeight":true,"maxLines":null,"lineHeight":32,"wrapLines":true,"spacing":1,"color":[0,0,0],"opacity":1,"textureAsset":null,"spriteAsset":null,"spriteFrame":0,"pixelsPerUnit":null,"width":32,"height":32,"margin":[0,0,0,0],"alignment":[0.5,0.5],"outlineColor":[0,0,0,1],"outlineThickness":0,"shadowColor":[0,0,0,1],"shadowOffset":[0,0],"rect":[0,0,1,1],"materialAsset":null,"autoWidth":false,"autoHeight":false,"fitMode":"stretch","useInput":false,"batchGroupId":null,"mask":false,"layers":[4],"enableMarkup":false}}},"8095a735-2d94-43d4-bc1c-48c5277f047d":{"name":"MetalColorGroup","tags":[],"enabled":true,"resource_id":"8095a735-2d94-43d4-bc1c-48c5277f047d","parent":"2ab78037-9242-4c96-840c-565ecc1606db","children":["1c0e71db-1438-4760-8a00-6796242526bf","27b3adcd-c259-41c5-9b56-4f415b5b1c05","5ad4cc0c-87b4-4dae-8e8e-5042ae05a90e"],"position":[50,0,0],"rotation":[0,0,0],"scale":[1,1,1],"components":{"element":{"enabled":true,"type":"group","anchor":[0,0,0,0],"pivot":[0,0],"text":"","key":null,"fontAsset":null,"fontSize":32,"minFontSize":8,"maxFontSize":32,"autoFitWidth":false,"autoFitHeight":false,"maxLines":null,"lineHeight":32,"wrapLines":true,"spacing":1,"color":[1,1,1],"opacity":1,"textureAsset":null,"spriteAsset":null,"spriteFrame":0,"pixelsPerUnit":null,"width":100,"height":400,"margin":[50,0,-150,-400],"alignment":[0.5,0.5],"outlineColor":[0,0,0,1],"outlineThickness":0,"shadowColor":[0,0,0,1],"shadowOffset":[0,0],"rect":[0,0,1,1],"materialAsset":null,"autoWidth":false,"autoHeight":false,"fitMode":"stretch","useInput":false,"batchGroupId":null,"mask":false,"layers":[4],"enableMarkup":false},"layoutgroup":{"enabled":true,"orientation":1,"reverseX":false,"reverseY":true,"alignment":[0,1],"padding":[0,0,0,0],"spacing":[0,20],"widthFitting":0,"heightFitting":0,"wrap":false}}},"1c0e71db-1438-4760-8a00-6796242526bf":{"name":"RedButton","tags":[],"enabled":true,"resource_id":"1c0e71db-1438-4760-8a00-6796242526bf","parent":"8095a735-2d94-43d4-bc1c-48c5277f047d","children":["3f97a375-3b7b-4600-9c0e-29777beac8db"],"position":[50,350,0],"rotation":[0,0,0],"scale":[1,1,1],"components":{"button":{"enabled":true,"active":true,"imageEntity":"1c0e71db-1438-4760-8a00-6796242526bf","hitPadding":[0,0,0,0],"transitionMode":0,"hoverTint":[0.8941176470588236,0.3568627450980392,0.9725490196078431,1],"pressedTint":[0.8941176470588236,0.3568627450980392,0.9725490196078431,1],"inactiveTint":[1,1,1,1],"fadeDuration":0,"hoverSpriteAsset":null,"hoverSpriteFrame":0,"pressedSpriteAsset":null,"pressedSpriteFrame":0,"inactiveSpriteAsset":null,"inactiveSpriteFrame":0,"hoverTextureAsset":null,"pressedTextureAsset":null,"inactiveTextureAsset":null},"element":{"enabled":true,"type":"image","anchor":[0,0,0,0],"pivot":[0.5,0.5],"text":"","key":null,"fontAsset":null,"fontSize":32,"minFontSize":8,"maxFontSize":32,"autoFitWidth":false,"autoFitHeight":false,"maxLines":null,"lineHeight":32,"wrapLines":true,"spacing":1,"color":[0.8941176470588236,0.3568627450980392,0.9725490196078431],"opacity":1,"textureAsset":null,"spriteAsset":null,"spriteFrame":0,"pixelsPerUnit":null,"width":100,"height":100,"margin":[0,300,-100,-400],"alignment":[0.5,0.5],"outlineColor":[0,0,0,1],"outlineThickness":0,"shadowColor":[0,0,0,1],"shadowOffset":[0,0],"rect":[0,0,1,1],"materialAsset":null,"autoWidth":false,"autoHeight":false,"fitMode":"stretch","useInput":true,"batchGroupId":null,"mask":false,"layers":[4],"enableMarkup":false}}},"3f97a375-3b7b-4600-9c0e-29777beac8db":{"name":"Text","tags":[],"enabled":true,"resource_id":"3f97a375-3b7b-4600-9c0e-29777beac8db","parent":"1c0e71db-1438-4760-8a00-6796242526bf","children":[],"position":[50,50,0],"rotation":[0,0,0],"scale":[1,1,1],"components":{"element":{"enabled":true,"type":"text","anchor":[0,0,1,1],"pivot":[0.5,0.5],"text":"","key":null,"fontAsset":null,"fontSize":32,"minFontSize":8,"maxFontSize":32,"autoFitWidth":true,"autoFitHeight":true,"maxLines":null,"lineHeight":32,"wrapLines":true,"spacing":1,"color":[0,0,0],"opacity":1,"textureAsset":null,"spriteAsset":null,"spriteFrame":0,"pixelsPerUnit":null,"width":32,"height":32,"margin":[0,0,0,0],"alignment":[0.5,0.5],"outlineColor":[0,0,0,1],"outlineThickness":0,"shadowColor":[0,0,0,1],"shadowOffset":[0,0],"rect":[0,0,1,1],"materialAsset":null,"autoWidth":false,"autoHeight":false,"fitMode":"stretch","useInput":false,"batchGroupId":null,"mask":false,"layers":[4],"enableMarkup":false}}},"27b3adcd-c259-41c5-9b56-4f415b5b1c05":{"name":"YelloButton","tags":[],"enabled":true,"resource_id":"27b3adcd-c259-41c5-9b56-4f415b5b1c05","parent":"8095a735-2d94-43d4-bc1c-48c5277f047d","children":["dedbe297-0b7e-4b1d-b955-921a1445586f"],"position":[50,230,0],"rotation":[0,0,0],"scale":[1,1,1],"components":{"button":{"enabled":true,"active":true,"imageEntity":"27b3adcd-c259-41c5-9b56-4f415b5b1c05","hitPadding":[0,0,0,0],"transitionMode":0,"hoverTint":[0.4745098039215686,0.9647058823529412,0.9450980392156862,1],"pressedTint":[0.4745098039215686,0.9647058823529412,0.9450980392156862,1],"inactiveTint":[1,1,1,1],"fadeDuration":0,"hoverSpriteAsset":null,"hoverSpriteFrame":0,"pressedSpriteAsset":null,"pressedSpriteFrame":0,"inactiveSpriteAsset":null,"inactiveSpriteFrame":0,"hoverTextureAsset":null,"pressedTextureAsset":null,"inactiveTextureAsset":null},"element":{"enabled":true,"type":"image","anchor":[0,0,0,0],"pivot":[0.5,0.5],"text":"","key":null,"fontAsset":null,"fontSize":32,"minFontSize":8,"maxFontSize":32,"autoFitWidth":false,"autoFitHeight":false,"maxLines":null,"lineHeight":32,"wrapLines":true,"spacing":1,"color":[0.4745098039215686,0.9647058823529412,0.9450980392156862],"opacity":1,"textureAsset":null,"spriteAsset":null,"spriteFrame":0,"pixelsPerUnit":null,"width":100,"height":100,"margin":[0,180,-100,-280],"alignment":[0.5,0.5],"outlineColor":[0,0,0,1],"outlineThickness":0,"shadowColor":[0,0,0,1],"shadowOffset":[0,0],"rect":[0,0,1,1],"materialAsset":null,"autoWidth":false,"autoHeight":false,"fitMode":"stretch","useInput":true,"batchGroupId":null,"mask":false,"layers":[4],"enableMarkup":false}}},"dedbe297-0b7e-4b1d-b955-921a1445586f":{"name":"Text","tags":[],"enabled":true,"resource_id":"dedbe297-0b7e-4b1d-b955-921a1445586f","parent":"27b3adcd-c259-41c5-9b56-4f415b5b1c05","children":[],"position":[50,50,0],"rotation":[0,0,0],"scale":[1,1,1],"components":{"element":{"enabled":true,"type":"text","anchor":[0,0,1,1],"pivot":[0.5,0.5],"text":"","key":null,"fontAsset":null,"fontSize":32,"minFontSize":8,"maxFontSize":32,"autoFitWidth":true,"autoFitHeight":true,"maxLines":null,"lineHeight":32,"wrapLines":true,"spacing":1,"color":[0,0,0],"opacity":1,"textureAsset":null,"spriteAsset":null,"spriteFrame":0,"pixelsPerUnit":null,"width":32,"height":32,"margin":[0,0,0,0],"alignment":[0.5,0.5],"outlineColor":[0,0,0,1],"outlineThickness":0,"shadowColor":[0,0,0,1],"shadowOffset":[0,0],"rect":[0,0,1,1],"materialAsset":null,"autoWidth":false,"autoHeight":false,"fitMode":"stretch","useInput":false,"batchGroupId":null,"mask":false,"layers":[4],"enableMarkup":false}}},"5ad4cc0c-87b4-4dae-8e8e-5042ae05a90e":{"name":"SilverButton","tags":[],"enabled":true,"resource_id":"5ad4cc0c-87b4-4dae-8e8e-5042ae05a90e","parent":"8095a735-2d94-43d4-bc1c-48c5277f047d","children":["e66058d6-dd36-48b1-8947-3c0c412b63c6"],"position":[50,110,0],"rotation":[0,0,0],"scale":[1,1,1],"components":{"button":{"enabled":true,"active":true,"imageEntity":"5ad4cc0c-87b4-4dae-8e8e-5042ae05a90e","hitPadding":[0,0,0,0],"transitionMode":0,"hoverTint":[0.8862745098039215,1,0.3137254901960784,1],"pressedTint":[0.8862745098039215,1,0.3137254901960784,1],"inactiveTint":[1,1,1,1],"fadeDuration":0,"hoverSpriteAsset":null,"hoverSpriteFrame":0,"pressedSpriteAsset":null,"pressedSpriteFrame":0,"inactiveSpriteAsset":null,"inactiveSpriteFrame":0,"hoverTextureAsset":null,"pressedTextureAsset":null,"inactiveTextureAsset":null},"element":{"enabled":true,"type":"image","anchor":[0,0,0,0],"pivot":[0.5,0.5],"text":"","key":null,"fontAsset":null,"fontSize":32,"minFontSize":8,"maxFontSize":32,"autoFitWidth":false,"autoFitHeight":false,"maxLines":null,"lineHeight":32,"wrapLines":true,"spacing":1,"color":[0.8862745098039215,1,0.3137254901960784],"opacity":1,"textureAsset":null,"spriteAsset":null,"spriteFrame":0,"pixelsPerUnit":null,"width":100,"height":100,"margin":[0,60,-100,-160],"alignment":[0.5,0.5],"outlineColor":[0,0,0,1],"outlineThickness":0,"shadowColor":[0,0,0,1],"shadowOffset":[0,0],"rect":[0,0,1,1],"materialAsset":null,"autoWidth":false,"autoHeight":false,"fitMode":"stretch","useInput":true,"batchGroupId":null,"mask":false,"layers":[4],"enableMarkup":false}}},"e66058d6-dd36-48b1-8947-3c0c412b63c6":{"name":"Text","tags":[],"enabled":true,"resource_id":"e66058d6-dd36-48b1-8947-3c0c412b63c6","parent":"5ad4cc0c-87b4-4dae-8e8e-5042ae05a90e","children":[],"position":[50,50,0],"rotation":[0,0,0],"scale":[1,1,1],"components":{"element":{"enabled":true,"type":"text","anchor":[0,0,1,1],"pivot":[0.5,0.5],"text":"","key":null,"fontAsset":null,"fontSize":32,"minFontSize":8,"maxFontSize":32,"autoFitWidth":true,"autoFitHeight":true,"maxLines":null,"lineHeight":32,"wrapLines":true,"spacing":1,"color":[0,0,0],"opacity":1,"textureAsset":null,"spriteAsset":null,"spriteFrame":0,"pixelsPerUnit":null,"width":32,"height":32,"margin":[0,0,0,0],"alignment":[0.5,0.5],"outlineColor":[0,0,0,1],"outlineThickness":0,"shadowColor":[0,0,0,1],"shadowOffset":[0,0],"rect":[0,0,1,1],"materialAsset":null,"autoWidth":false,"autoHeight":false,"fitMode":"stretch","useInput":false,"batchGroupId":null,"mask":false,"layers":[4],"enableMarkup":false}}},"29c18763-8b65-499a-9110-d19150be7ba5":{"name":"Metal Header","tags":[],"enabled":true,"resource_id":"29c18763-8b65-499a-9110-d19150be7ba5","parent":"2ab78037-9242-4c96-840c-565ecc1606db","children":["f16733e8-0cc8-4223-89af-86f94faa8e31"],"position":[50,400,0.000001430511474609375],"rotation":[0,0,0],"scale":[1,1,1],"components":{"element":{"enabled":true,"type":"image","anchor":[0,0,0,0],"pivot":[0,0],"text":"","key":null,"fontAsset":null,"fontSize":32,"minFontSize":8,"maxFontSize":32,"autoFitWidth":false,"autoFitHeight":false,"maxLines":null,"lineHeight":32,"wrapLines":true,"spacing":1,"color":[1,1,1],"opacity":0.029,"textureAsset":null,"spriteAsset":null,"spriteFrame":0,"pixelsPerUnit":null,"width":100,"height":100,"margin":[50,400,-150,-500],"alignment":[0.5,0.5],"outlineColor":[0,0,0,1],"outlineThickness":0,"shadowColor":[0,0,0,1],"shadowOffset":[0,0],"rect":[0,0,1,1],"materialAsset":null,"autoWidth":false,"autoHeight":false,"fitMode":"stretch","useInput":true,"batchGroupId":null,"mask":false,"layers":[4],"enableMarkup":false}}},"f16733e8-0cc8-4223-89af-86f94faa8e31":{"name":"Text","tags":[],"enabled":true,"resource_id":"f16733e8-0cc8-4223-89af-86f94faa8e31","parent":"29c18763-8b65-499a-9110-d19150be7ba5","children":[],"position":[0,0,0],"rotation":[0,0,0],"scale":[1,1,1],"components":{"element":{"enabled":true,"type":"text","anchor":[0,0,1,1],"pivot":[0.5,0.5],"text":"Metal \nColor","key":null,"fontAsset":172899346,"fontSize":32,"minFontSize":8,"maxFontSize":32,"autoFitWidth":true,"autoFitHeight":true,"maxLines":null,"lineHeight":32,"wrapLines":true,"spacing":1,"color":[0,0,0],"opacity":1,"textureAsset":null,"spriteAsset":null,"spriteFrame":0,"pixelsPerUnit":null,"width":32,"height":32,"margin":[0,0,0,0],"alignment":[0.5,0.5],"outlineColor":[0,0,0,1],"outlineThickness":0,"shadowColor":[0,0,0,1],"shadowOffset":[0,0],"rect":[0,0,1,1],"materialAsset":null,"autoWidth":false,"autoHeight":false,"fitMode":"stretch","useInput":false,"batchGroupId":null,"mask":false,"layers":[4],"enableMarkup":false}}},"0fc499c8-191e-4a79-84a6-fe7a1a9aeab5":{"name":"Gem Header","tags":[],"enabled":true,"resource_id":"0fc499c8-191e-4a79-84a6-fe7a1a9aeab5","parent":"2ab78037-9242-4c96-840c-565ecc1606db","children":["a1b68466-254d-4d61-aba6-077185481105"],"position":[-50,400,0],"rotation":[0,0,0],"scale":[1,1,1],"components":{"element":{"enabled":true,"type":"image","anchor":[1,0,1,0],"pivot":[1,0],"text":"","key":null,"fontAsset":null,"fontSize":32,"minFontSize":8,"maxFontSize":32,"autoFitWidth":false,"autoFitHeight":false,"maxLines":null,"lineHeight":32,"wrapLines":true,"spacing":1,"color":[1,1,1],"opacity":0.029,"textureAsset":null,"spriteAsset":null,"spriteFrame":0,"pixelsPerUnit":null,"width":100,"height":100,"margin":[-150,400,50,-500],"alignment":[0.5,0.5],"outlineColor":[0,0,0,1],"outlineThickness":0,"shadowColor":[0,0,0,1],"shadowOffset":[0,0],"rect":[0,0,1,1],"materialAsset":null,"autoWidth":false,"autoHeight":false,"fitMode":"stretch","useInput":true,"batchGroupId":null,"mask":false,"layers":[4],"enableMarkup":false}}},"a1b68466-254d-4d61-aba6-077185481105":{"name":"Text","tags":[],"enabled":true,"resource_id":"a1b68466-254d-4d61-aba6-077185481105","parent":"0fc499c8-191e-4a79-84a6-fe7a1a9aeab5","children":[],"position":[50,50,0],"rotation":[0,0,0],"scale":[1,1,1],"components":{"element":{"enabled":true,"type":"text","anchor":[0,0,1,1],"pivot":[0.5,0.5],"text":"Gem\nColor","key":null,"fontAsset":172899346,"fontSize":32,"minFontSize":8,"maxFontSize":32,"autoFitWidth":true,"autoFitHeight":true,"maxLines":null,"lineHeight":32,"wrapLines":true,"spacing":1,"color":[0,0,0],"opacity":1,"textureAsset":null,"spriteAsset":null,"spriteFrame":0,"pixelsPerUnit":null,"width":32,"height":32,"margin":[0,0,0,0],"alignment":[0.5,0.5],"outlineColor":[0,0,0,1],"outlineThickness":0,"shadowColor":[0,0,0,1],"shadowOffset":[0,0],"rect":[0,0,1,1],"materialAsset":null,"autoWidth":false,"autoHeight":false,"fitMode":"stretch","useInput":false,"batchGroupId":null,"mask":false,"layers":[4],"enableMarkup":false}}},"2e1f9a70-c7e0-4d96-a692-067a5e5e96c7":{"name":"Reset Button","tags":[],"enabled":true,"resource_id":"2e1f9a70-c7e0-4d96-a692-067a5e5e96c7","parent":"2ab78037-9242-4c96-840c-565ecc1606db","children":["da69bd13-e739-4835-9489-2ad134eea575"],"position":[0.000001430511474609375,50,0.000001430511474609375],"rotation":[0,0,0],"scale":[1,1,1],"components":{"button":{"enabled":true,"active":true,"imageEntity":"2e1f9a70-c7e0-4d96-a692-067a5e5e96c7","hitPadding":[0,0,0,0],"transitionMode":0,"hoverTint":[1,1,1,1],"pressedTint":[1,1,1,1],"inactiveTint":[1,1,1,1],"fadeDuration":0,"hoverSpriteAsset":null,"hoverSpriteFrame":0,"pressedSpriteAsset":null,"pressedSpriteFrame":0,"inactiveSpriteAsset":null,"inactiveSpriteFrame":0,"hoverTextureAsset":null,"pressedTextureAsset":null,"inactiveTextureAsset":null},"element":{"enabled":true,"type":"image","anchor":[0.5,0,0.5,0],"pivot":[0.5,0],"text":"","key":null,"fontAsset":172899346,"fontSize":32,"minFontSize":8,"maxFontSize":32,"autoFitWidth":false,"autoFitHeight":false,"maxLines":null,"lineHeight":32,"wrapLines":true,"spacing":1,"color":[1,1,1],"opacity":1,"textureAsset":null,"spriteAsset":null,"spriteFrame":0,"pixelsPerUnit":null,"width":150,"height":50,"margin":[-75,50,-75,-100],"alignment":[0.5,0.5],"outlineColor":[0,0,0,1],"outlineThickness":0,"shadowColor":[0,0,0,1],"shadowOffset":[0,0],"rect":[0,0,1,1],"materialAsset":null,"autoWidth":false,"autoHeight":false,"fitMode":"stretch","useInput":true,"batchGroupId":null,"mask":false,"layers":[4],"enableMarkup":false}}},"da69bd13-e739-4835-9489-2ad134eea575":{"name":"Text","tags":[],"enabled":true,"resource_id":"da69bd13-e739-4835-9489-2ad134eea575","parent":"2e1f9a70-c7e0-4d96-a692-067a5e5e96c7","children":[],"position":[0,0,0],"rotation":[0,0,0],"scale":[1,1,1],"components":{"element":{"enabled":true,"type":"text","anchor":[0,0,1,1],"pivot":[0.5,0.5],"text":"Reset","key":null,"fontAsset":172899346,"fontSize":32,"minFontSize":8,"maxFontSize":32,"autoFitWidth":true,"autoFitHeight":true,"maxLines":null,"lineHeight":32,"wrapLines":true,"spacing":1,"color":[0,0,0],"opacity":1,"textureAsset":null,"spriteAsset":null,"spriteFrame":0,"pixelsPerUnit":null,"width":32,"height":32,"margin":[0,0,0,0],"alignment":[0.5,0.5],"outlineColor":[0,0,0,1],"outlineThickness":0,"shadowColor":[0,0,0,1],"shadowOffset":[0,0],"rect":[0,0,1,1],"materialAsset":null,"autoWidth":false,"autoHeight":false,"fitMode":"stretch","useInput":false,"batchGroupId":null,"mask":false,"layers":[4],"enableMarkup":false}}}},"checkpoint_id":"dcb8c2e4-1eec-456c-a469-ddc09ca07fec","branch_id":"8d915972-bec0-4c70-bc0a-a9c94e641ab8","id":1975649}